id,name,address,vet_id
1,Ryan,07 Old Shore Hill,1
2,Michael,987 Marcy Hill,2
3,Alice,55 Oneill Street,3
4,Bob,14215 Grover Drive,4
5,Charles,69840 Mariners Cove Lane,5
6,Pam,5066 Dahle Way,6
7,Teagan,2863 Prairie Rose Hill,7
8,Tam,92 Basil Trail,8
9,Lance,85 Norway Maple Avenue,9
10,Hanna,5 Novick Lane,10
11,Sarah,6917 Golf Course Crossing,11
12,Patrick,932 Washington Park,12
13,Liam,343 Hovde Parkway,13
14,Garry,6 Calypso Parkway,14
15,Nelson,800 Buell Way,15
16,Sean,913 Blaine Circle,16
17,Henry,243 Redwing Trail,17
18,Lee,4074 Dennis Park,18
19,Ben,90 Main Drive,19
20,Eric,57 Monument Way,20
21,Jacob,634 David Trail,1
22,Patty,76131 Mallard Circle,2
23,Leah,0613 Merrick Junction,3
24,Mary,05554 Stuart Way,4
25,Rita,56246 Village Green Street,5
26,Katie,75 Service Point,6
27,Catherine,2 Pawling Way,7
28,Oliver,6919 Carey Trail,8
29,Faith,5277 Haas Alley,9
30,Olivia,7222 Helena Street,10
31,Keith,6122 Cottonwood Center,11
32,Daryll,3453 Sommers Avenue,12
33,Iris,2 Graceland Pass,13
34,Cam,6 Corben Drive,14
35,Harris,258 Bonner Parkway,15
36,Lianne,98338 Brown Way,16
37,Garrett,5 Huxley Crossing,17
38,Sonya,549 Burrows Hill,18
39,Alex,67 Manufacturers Terrace,19
40,Vern,3 Boyd Hill,20
41,Marshall,7910 Fieldstone Circle,1
42,Nora,060 Onsgard Alley,2
43,Junior,85756 Sunbrook Drive,3
44,TJ,151 Sunbrook Street,4
45,Helena,18 Stone Corner Lane,5
46,Heath,1102 Homewood Court,6
47,Lucy,9697 Farwell Point,7
48,Nina,3 Wayridge Place,8
49,Tina,03944 Carey Place,9
50,Lily,980 Bunting Trail,10
51,Mike,343 Westend Court,11
52,Isaac,274 Bellgrove Place,12
53,Grace,1 Victoria Park,13
54, Dave,3244 Dahle Park,14
55,Ned,70891 Arizona Point,15
56,Gloria,531 Longview Circle,16
57,Sophie,369 Clemons Drive,17
58,Erika,891 Dawn Park,18
59,Rin,7 Waxwing Hill,19
60,Teresa,4 Continental Place,20
