id,name,address
1,Ovise,79623 Schiller Parkway
2,Sansun,45 Hudson Center
3,Goodlake,98909 Hayes Hill
4,Barrick,5153 Westerfield Drive
5,McCullogh,10 Trailsway Trail
6,Ravillas,14676 Moose Drive
7,Emanulsson,36 Mendota Trail
8,Woodworth,62 Morningstar Street
9,Gerault,41 Old Gate Hill
10,Manshaw,685 Spenser Hill
11,Pignon,25795 Crownhardt Lane
12,Blinman,68 Paget Park
13,Milbourn,6325 Bultman Drive
14,Agnew,4678 Hanson Lane
15,MacGhee,0 Schurz Center
16,Jenkyn,691 International Park
17,Lisimore,564 Thierer Plaza
18,Peet,952 Charing Cross Alley
19,Whayman,6 Burrows Pass
20,Works,7 Loftsgordon Street
